<?xml version="1.0" encoding="UTF-8"?>
<resourceDriver>
  <manifestVersion>1.4</manifestVersion>
  <version>1.0.0</version>
  <vendor>Spirent</vendor>
  <language>itest</language>
  <interface>Configurable Layer 2 Switch</interface>
  <entryPoint>dummy-cfg-l2.fftc</entryPoint>
  <resourceProperties>
    <property optional="true">
      <name>ipAddress</name>
      <description>IP address of the remote device</description>
    </property>
    <property optional="true">
      <name>Hostname</name>
      <description>Hostname of the remote device</description>
    </property>
  </resourceProperties>
    <portProperties>
        <property optional="true">
            <name>Port Type</name>
            <description>Example: Ethernet, Fast Ethernet, etc.</description>
        </property>
        <property optional="true">
            <name>Port Speed</name>
            <description>Unit of Measure: Mbps</description>
        </property>
        <property optional="true">
            <name>Custom Property</name>
            <description>test</description>
        </property>
    </portProperties>
</resourceDriver>
